"LocationID","Obesity","Diabetes"
59,33.4,10.4
1001,38.4,11.3
1003,36.8,10.2
1005,43.8,16
1007,41.4,13.3
1009,37.3,11.6
1011,49.4,19.9
1013,45.5,14.8
1015,38.3,12.7
1017,45.4,14.6
1019,40.2,11.3
1021,36.3,11.6
1023,45.8,15.1
1025,44.4,14.9
1027,39.6,13.1
1029,39.4,12.2
1031,34.1,11.8
1033,40.9,12
1035,44.7,15.5
1037,42.8,13.2
1039,44.6,11.7
1041,40.3,12.9
1043,39.7,11.6
1045,44.3,13.5
1047,50.5,17.5
1049,38.9,13.8
1051,36.4,11.4
1053,43.5,15
1055,41.3,12.6
1057,39.2,13.2
1059,39.6,13.5
1061,38.2,12.5
1063,51,19.4
1065,44.4,15.6
1067,38.3,13.7
1069,37.5,13
1071,38.6,12.4
1073,39.7,12.9
1075,38.3,12
1077,36.5,10.8
1079,40.7,13.1
1081,35.2,11.9
1083,35.8,11.2
1085,49.6,18.4
1087,47.7,17.7
1089,35.7,11
1091,46.1,15.4
1093,39.5,12.4
1095,38.6,11.4
1097,42.2,13.5
1099,42.7,15.2
1101,44.6,15.7
1103,38.7,12.9
1105,50,18.9
1107,43.8,14.5
1109,40.6,13.7
1111,40.9,13
1113,46.9,15.8
1115,33,10.6
1117,32.1,9.5
1119,45.2,17.6
1121,42.6,14.1
1123,41.9,12.9
1125,41.4,12.8
1127,42.9,12.8
1129,41.5,13.8
1131,48.5,18.8
1133,36.3,11.9
2013,30.9,12.6
2016,28.9,11.2
2020,29.6,7.9
2050,41.5,14.3
2060,32,9.1
2063,30.4,7.8
2066,32.6,8.9
2068,30.8,7.7
2070,37.2,12.7
2090,32.1,7.6
2100,32.6,7.3
2105,31.7,10
2110,32.8,7.7
2122,32,7.9
2130,34.3,8.5
2150,30.3,9.3
2158,46,17.6
2164,38.2,11.8
2170,31.4,8.6
2180,37.2,13.7
2185,40.7,10.7
2188,38,13.5
2195,30.4,8.3
2198,37.6,10.8
2220,32.3,8.4
2230,33,8
2240,37.3,9.2
2275,34.4,8.8
2282,32.6,10.6
2290,39.5,13.4
4001,39.1,17.9
4003,32.9,10.8
4005,27,10.4
4007,34.4,11.7
4009,40.4,12.5
4011,32.5,11.4
4012,35.9,12.9
4013,32.7,10.4
4015,36.6,10.8
4017,38.5,13.3
4019,32.8,10.3
4021,38.9,11.8
4023,32.4,14.6
4025,27.7,9.1
4027,42.3,13.9
5001,40.9,13.7
5003,42.1,14.5
5005,41.3,11.6
5007,34.2,11
5009,39.4,11.2
5011,41.5,14.9
5013,38.7,12.9
5015,35.6,12.6
5017,44.6,17.4
5019,40.4,14.3
5021,38.1,12.6
5023,36.6,11.7
5025,41,13.4
5027,41.1,14.3
5029,41.3,13.5
5031,37.5,12.3
5033,39.5,12.5
5035,41.5,15.8
5037,38.5,13.9
5039,44,14.4
5041,45.2,17.6
5043,41.6,13.7
5045,37.8,11.9
5047,40.1,12.8
5049,39,13.7
5051,37.8,11.5
5053,35.5,11
5055,37.6,12.6
5057,41.2,14.5
5059,38.6,13
5061,39.7,13.2
5063,39.6,12.6
5065,36.9,11.9
5067,40.6,14.3
5069,44.5,15.3
5071,39.1,14
5073,42.9,15.9
5075,41.5,13.1
5077,44.9,17.5
5079,39.8,14.9
5081,38.9,12.6
5083,37.7,12.2
5085,38,11.8
5087,36,12.5
5089,36.8,12.3
5091,43.7,13.9
5093,43.2,15.6
5095,43.4,15.5
5097,39.8,12.7
5099,41.5,14.8
5101,39.5,12.2
5103,42.5,14.3
5105,37.6,12.2
5107,51.3,17.7
5109,37.1,12.3
5111,40.8,14
5113,37,12.5
5115,36.1,12.7
5117,38.3,12.4
5119,38.4,12.7
5121,37.4,13
5123,44.5,17.1
5125,37.2,10.6
5127,38.4,12.9
5129,40.8,13.8
5131,35.9,13.2
5133,41.5,14.4
5135,38,12.1
5137,37.2,12.8
5139,41.2,13.5
5141,37,13.1
5143,33.5,11.9
5145,40.4,12.5
5147,41.3,14.4
5149,38.7,13.6
6001,19.4,9.2
6003,29.9,8.8
6005,27.3,9
6007,31.5,9.8
6009,29.4,9.4
6011,32.2,11.7
6013,28.4,9.6
6015,33.8,11.2
6017,24.8,7.8
6019,39,13
6021,34.1,11.2
6023,33.1,9.6
6025,38.5,15.1
6027,29.9,9.3
6029,35.9,13
6031,31.9,13
6033,30.7,9.7
6035,32.8,10.5
6037,26.2,11.4
6039,35.2,12.7
6041,23.5,7.3
6043,32.3,9.8
6045,29.4,9.8
6047,34.5,13.6
6049,30,9.7
6051,29.1,8.9
6053,32.8,11.1
6055,28.7,9.6
6057,29.9,8.9
6059,25.7,9.9
6061,25.8,8.6
6063,29.1,8.5
6065,34,10.5
6067,33.9,10.6
6069,29.1,10.4
6071,35.1,12.4
6073,25.4,9.4
6075,17.7,9.2
6077,33.8,11.6
6079,28.2,8.4
6081,21.4,8.9
6083,31.6,10
6085,22,10
6087,29.4,9
6089,28.7,9.3
6091,31.3,9
6093,32.9,9.7
6095,32.8,11
6097,28.3,8.3
6099,34.7,10.9
6101,32,11.6
6103,32.5,10
6105,32.4,9.9
6107,38,13.2
6109,31,8.9
6111,28.9,10.1
6113,28.5,10.7
6115,32.6,10.9
8001,34,9.8
8003,31.9,10.6
8005,25.7,7.9
8007,24.9,7.6
8009,31,9.9
8011,33.1,11.4
8013,18.6,6.3
8014,24.6,6.5
8015,25.3,7.9
8017,27.6,7.7
8019,25.7,6.7
8021,30.5,11.2
8023,33.7,12.5
8025,33.3,11.8
8027,26.8,7.9
8029,29,8.5
8031,23.8,7.9
8033,27.4,7.9
8035,20.9,6.2
8037,22.6,7
8039,25,7.1
8041,28.1,8.1
8043,29.2,9.1
8045,26.7,7.7
8047,25.2,7.2
8049,24.9,6.9
8051,23.7,6.5
8053,25.9,6.8
8055,28.7,9.6
8057,28.4,9.2
8059,24.9,7.2
8061,30,8.9
8063,30.2,8.3
8065,26.2,7.4
8067,24.8,6.7
8069,21.1,6.5
8071,31.6,10.5
8073,30.3,9.1
8075,30,9.3
8077,30.3,7.9
8079,26.6,7.2
8081,29.6,8.9
8083,30.2,8.9
8085,33.6,8.3
8087,31.3,9.1
8089,31.6,11.9
8091,24.8,6.8
8093,25.3,7
8095,30.6,9.3
8097,21.1,6
8099,31.6,10.4
8101,31.4,10
8103,27.9,8
8105,26.4,8.8
8107,24.4,6.6
8109,30.3,10.2
8111,27.4,8.1
8113,24.7,7
8115,29.8,9.3
8117,22.7,7.1
8119,26.9,7
8121,26.8,8.1
8123,31.2,8.5
8125,27.9,8.9
9110,32.4,9.4
9120,28.7,9
9130,31.2,7.7
9140,30.9,8.9
9150,32.8,8.4
9160,30.6,8.2
9170,32,9.6
9180,33.4,9.1
9190,26.9,7.7
10001,39.3,11.1
10003,37.6,11.6
10005,38.6,9.9
11001,25.1,8.7
12001,33,10.9
12003,37.6,10.6
12005,35.3,9.8
12007,38.8,12.1
12009,32.9,9.6
12011,31.8,12
12013,43.6,11.9
12015,34.4,9.7
12017,34.5,9.7
12019,35.6,9.9
12021,27.4,9.7
12023,38.3,11.8
12027,44.2,14.7
12029,43.6,12.2
12031,33.1,11.9
12033,32.6,10.9
12035,33.4,9.7
12037,37.6,10.9
12039,44.3,13.8
12041,36.9,10.3
12043,39.7,13.9
12045,38.4,10.6
12047,39.5,13.6
12049,40.3,14.4
12051,38.6,15.1
12053,33.4,11
12055,36.2,11.8
12057,31.4,11.2
12059,36.3,11.4
12061,33,10
12063,42.7,13.1
12065,37.9,11.7
12067,40.4,12.8
12069,34.8,11.3
12071,31.1,10.1
12073,33.1,10.7
12075,38.5,10.3
12077,40.8,12.4
12079,36.5,14
12081,33.9,10.4
12083,39.1,11.3
12085,27.6,9.1
12086,30.3,13.3
12087,29.7,9.5
12089,32.5,8.9
12091,33.6,9.8
12093,40.1,12.6
12095,32.8,11.5
12097,31,12.8
12099,30.5,10.1
12101,34.7,9.9
12103,32.2,9.4
12105,41.6,12.8
12107,39.8,12.7
12109,26.5,7.6
12111,34.7,11.5
12113,31.1,9.4
12115,28.8,8.2
12117,31.4,10
12119,35.1,9.4
12121,44.8,11.3
12123,42.8,12.1
12125,42.5,12.4
12127,33.9,9.8
12129,37.3,10.3
12131,31.1,9.4
12133,41.1,11.7
13001,40.7,12.7
13003,42.1,15
13005,41.3,12.7
13007,41.9,14.3
13009,39.8,13.7
13011,36.7,10.9
13013,39.9,11
13015,37.8,10.6
13017,41.9,14.7
13019,38.7,12.2
13021,48.5,14.2
13023,42,11.4
13025,39.2,11.4
13027,42.1,14.7
13029,37.1,9.7
13031,39.1,12.3
13033,44.8,13.4
13035,40.2,12.1
13037,46.6,16.8
13039,38.1,11.5
13043,44,13.6
13045,36.9,11
13047,36.6,9.4
13049,42.2,13.7
13051,36.1,11.6
13053,43.1,14.2
13055,39,12.1
13057,35.1,9.5
13059,37,13.1
13061,44.8,14.2
13063,45.4,14.9
13065,44.9,14.4
13067,28.9,9.2
13069,41.4,13.7
13071,40.4,13.8
13073,36,10.9
13075,40.7,13.3
13077,44.1,9.8
13079,41.1,12.1
13081,44.8,13.5
13083,36,9.4
13085,34.7,9
13087,39.8,13.9
13089,33.5,12
13091,44.6,12.7
13093,44,13.9
13095,44.4,15.7
13097,42.8,12.8
13099,45.1,14.1
13101,41.5,12.1
13103,38.6,9.6
13105,42.4,12.6
13107,42.7,13.6
13109,44.8,14.2
13111,38.9,10.7
13113,31.3,9.7
13115,40.1,12.2
13117,31.3,8.4
13119,36.7,11.4
13121,30,10.1
13123,36.7,9.9
13125,37,11.1
13127,35.9,11.1
13129,40,12.2
13131,41.8,13.2
13133,39.2,11.3
13135,33.3,12
13137,36.8,11.3
13139,35,11.6
13141,47.5,16.7
13143,33.8,9.9
13145,32.7,10.3
13147,36.1,11
13149,41,11.3
13151,39.3,11.9
13153,39.3,10.9
13155,40.3,12.8
13157,41.5,10.6
13159,39.5,11.6
13161,41.3,13.6
13163,44.2,15.8
13165,44.5,15.9
13167,42.8,14.6
13169,39.9,11.7
13171,41.5,11.8
13173,41.1,14.5
13175,41.5,12.9
13177,36.7,10.7
13179,45.9,13.9
13181,37.5,11.7
13183,41.3,12.5
13185,39.5,12.9
13187,35.1,10.3
13189,43.7,12.9
13191,41.8,13.2
13193,48.3,17.7
13195,39,11.7
13197,39.9,13.2
13199,40.7,13.4
13201,41.7,13.3
13205,46.8,15.3
13207,37.7,10.9
13209,42.7,13.9
13211,36.1,9.7
13213,38,11.4
13215,41.7,14.6
13217,42.3,12.7
13219,32.9,8.3
13221,36,11.2
13223,38.5,10.4
13225,42.7,13
13227,36.7,9.3
13229,39.6,11.4
13231,34.2,9.6
13233,41.7,11.9
13235,43.5,12.8
13237,42.1,12
13239,44.1,14.3
13241,36.7,10.2
13243,48.6,18.1
13245,44.4,14.7
13247,44.9,13.4
13249,38.2,11.8
13251,42.3,13.4
13253,42.4,13.3
13255,40.2,12.7
13257,37.5,11.3
13259,43.2,16.5
13261,44,14.7
13263,43.9,14.6
13265,43.3,14.5
13267,46.1,13.5
13269,42.7,14.8
13271,45.6,16.3
13273,47.1,16
13275,38.7,12.3
13277,41.9,13.4
13279,42.5,12.5
13281,37,9.6
13283,43.4,14.4
13285,41.5,12.6
13287,43.7,14.9
13289,42,13
13291,37.1,10.1
13293,41.7,12.9
13295,41.8,11.1
13297,35.8,11.4
13299,39.5,12.9
13301,44.6,14.4
13303,43,14.2
13305,41.3,12.9
13307,43.5,14.6
13309,47.5,15.7
13311,35.5,9.3
13313,36.9,13.2
13315,41.5,13.4
13317,43.9,13.2
13319,43.6,13.6
13321,39.1,12.4
15001,26,9.2
15003,26.2,11.4
15005,29.1,10.1
15007,22.8,9.8
15009,24.1,10
16001,28.7,7.7
16003,31.5,9.3
16005,36.8,9.6
16007,33.6,8.9
16009,34,9.7
16011,41.1,9.8
16013,25.5,7.9
16015,31.2,8.5
16017,26.7,8.4
16019,35.2,9.3
16021,30.9,9.3
16023,35.7,10.6
16025,32.8,8.3
16027,37.7,10.1
16029,32.8,8.7
16031,38.6,9.9
16033,35.7,11.6
16035,32.8,9.2
16037,32.8,8.7
16039,36.5,10.4
16041,33.1,9.2
16043,33.7,9.5
16045,31.4,8.6
16047,37.4,10.7
16049,32.6,9.5
16051,37.2,9.5
16053,40.1,11.3
16055,34.3,8.1
16057,29.1,8.7
16059,32.9,8.8
16061,36.2,10
16063,36.5,10.8
16065,36.6,10.6
16067,34.8,11.1
16069,35.5,9.4
16071,32.2,8.6
16073,34.6,10.5
16075,37.4,10.5
16077,37.7,10.7
16079,34.8,11.2
16081,28.8,8.2
16083,36.5,9.2
16085,33.5,9.5
16087,38.5,10.2
17001,39.5,9.7
17003,43,13.5
17005,37.6,11.3
17007,39.5,10.6
17009,40.6,11.7
17011,37.8,10.9
17013,34.6,8.8
17015,36,9.9
17017,38.5,11.1
17019,35.5,10.5
17021,36.4,9.9
17023,35,9.1
17025,38.3,10.6
17027,35.3,9.3
17029,38.5,10.7
17031,32.8,10.8
17033,36.8,10.1
17035,37.2,9.4
17037,35.7,10.3
17039,36.5,9.5
17041,36.7,10
17043,29.4,9.3
17045,37.4,10.1
17047,37.2,9.7
17049,35.5,8.9
17051,37.2,10.5
17053,38,9.6
17055,39.6,11.1
17057,39.3,10.8
17059,38.4,10.9
17061,37.5,10
17063,35.1,9.1
17065,37.8,10.3
17067,35.1,9.3
17069,37.8,10.5
17071,37.2,9.5
17073,34.7,8.8
17075,38.3,10.3
17077,39,12.1
17079,35,9
17081,38.8,10.5
17083,37.8,9.4
17085,34.2,9
17087,36.5,10.8
17089,37.3,10
17091,40.3,11.1
17093,36.4,9.3
17095,38.8,11.1
17097,31.9,10.6
17099,36.6,10.2
17101,37.8,11.5
17103,37.5,10.8
17105,38.2,10.2
17107,38.8,10.4
17109,39.3,11.2
17111,34.2,9.1
17113,35.4,10
17115,37.1,10.5
17117,38.1,10.1
17119,35.8,9.3
17121,38.5,10.8
17123,37,10
17125,35.2,9.8
17127,38,10.9
17129,35.3,9.1
17131,36.8,9.6
17133,32.6,8.1
17135,36.2,10.2
17137,37.3,10.3
17139,35.6,9.2
17141,35.9,10.3
17143,35.6,10.5
17145,39.5,11.9
17147,33.8,8.6
17149,37.3,10.1
17151,37.7,10.1
17153,42.8,13.5
17155,34.7,9
17157,37.7,10.5
17159,37.4,9.9
17161,37.4,10.6
17163,38.2,11
17165,39.6,10.9
17167,38.3,9.7
17169,39.3,10.5
17171,35,9
17173,37.2,9.9
17175,37.7,9.8
17177,42.1,10.5
17179,35.2,9.2
17181,37.6,10.3
17183,41,11.4
17185,37.6,10.6
17187,37.7,10.8
17189,35.8,8.9
17191,37.1,10.2
17193,38.1,10.9
17195,35.3,9.7
17197,36.6,9.9
17199,38.4,10.2
17201,38.5,11.5
17203,34.2,9.3
18001,40,12.5
18003,38.3,11.6
18005,34,10.3
18007,40.3,11.7
18009,37.5,11.5
18011,35.5,9.2
18013,36.9,9.8
18015,38.8,10.3
18017,40.3,11.8
18019,41.2,10.5
18021,42.3,10.4
18023,39.1,11
18025,41,11.7
18027,38.3,11.5
18029,35.1,9.1
18031,41.6,9.8
18033,37.5,9.7
18035,39.8,11.9
18037,38.4,10.3
18039,42.5,11.8
18041,41.1,12.5
18043,36.4,10.6
18045,39,10.2
18047,37.7,9.3
18049,41.8,11.4
18051,40.2,11.2
18053,43,12.1
18055,40.5,11.3
18057,27.9,8.2
18059,35.8,9.5
18061,36.5,10.1
18063,38.9,10.3
18065,44.4,11.8
18067,41.9,10.9
18069,39,10.8
18071,43.2,11.4
18073,38,9.8
18075,42.1,12
18077,38.4,10.8
18079,41.8,10.9
18081,42.1,10.6
18083,38.2,10.8
18085,39.5,10.5
18087,42.1,11
18089,38.1,11.7
18091,39.7,11.7
18093,39.8,11.1
18095,39.6,11.4
18097,39.3,13
18099,35.9,10.9
18101,39.6,10.9
18103,42.1,11.5
18105,37.6,10.1
18107,42.6,11.2
18109,37.8,10.7
18111,41.5,10.9
18113,36.5,10.2
18115,38.1,10.2
18117,41.7,10.9
18119,39.9,11.3
18121,38.3,10.8
18123,40.6,10.6
18125,41.7,10.6
18127,37,9.7
18129,36.4,9.2
18131,41.4,11
18133,39.4,10.5
18135,38.9,11.2
18137,37.4,10.3
18139,41.5,10.6
18141,37.8,11.3
18143,39.5,12
18145,39.7,11
18147,35.7,9.7
18149,40.1,10.5
18151,34.1,9.7
18153,38.1,11.2
18155,39.5,10.9
18157,35.1,11.7
18159,36.1,9.5
18161,40.3,10.2
18163,39.3,10.5
18165,40.8,10.7
18167,41,11.9
18169,36.9,10.4
18171,36.5,10.1
18173,39.8,9.3
18175,41.7,10.7
18177,39.4,11.7
18179,40.7,10.2
18181,39.3,10.6
18183,34.6,9.6
19001,41.9,9.8
19003,38.6,9.6
19005,38.3,9.9
19007,43.3,10.9
19009,41.7,9.8
19011,41.7,9.7
19013,39.1,10.6
19015,38.6,8.9
19017,39.5,9.3
19019,40.6,9.4
19021,41,11.2
19023,39.5,9.6
19025,38.9,9.6
19027,42,9.6
19029,44.9,10.6
19031,38.3,8.9
19033,38.4,9.9
19035,40.2,9.9
19037,37.7,9
19039,42.5,11.4
19041,40.6,9.2
19043,40.6,9.6
19045,40.9,9.5
19047,44.5,12.4
19049,32.2,8.5
19051,40.3,9.9
19053,38.1,9.8
19055,40.6,8.9
19057,36.6,10.1
19059,36.9,9.3
19061,41.5,9.7
19063,38.5,10.3
19065,39.7,10.5
19067,42.8,9.8
19069,41,10.4
19071,36.3,8.9
19073,41.5,9.8
19075,38.7,8.7
19077,39.8,8.8
19079,35.4,9.4
19081,36.2,9.1
19083,39.2,10.1
19085,40.1,10.2
19087,40.9,10.2
19089,37.3,9.7
19091,43.4,10.3
19093,37.3,9.5
19095,35.7,8.8
19097,41.8,9.9
19099,39.2,9
19101,37.4,10.7
19103,30.9,9.5
19105,39.4,9.5
19107,40.1,10
19109,37.6,9.8
19111,40.9,10.5
19113,37.3,10.1
19115,44.8,11.4
19117,41.1,10.7
19119,38.5,8.7
19121,38.2,8.5
19123,42.4,9.5
19125,38.3,8.3
19127,40.7,10.7
19129,40.7,9.6
19131,44.9,9.5
19133,40.9,10.2
19135,37.5,9.1
19137,39.8,10.4
19139,37.8,10.4
19141,38.8,10.4
19143,40.1,10.2
19145,43.9,10.4
19147,41.6,9.6
19149,37.5,9.1
19151,37.2,9.3
19153,38.9,10
19155,42.6,10.6
19157,42.3,9.6
19159,41.2,10
19161,41.1,9
19163,39.2,9.6
19165,35,9.6
19167,34,9.2
19169,35.5,9.5
19171,41.3,11.2
19173,40.3,10.2
19175,38.1,9.6
19177,41,10.5
19179,42,11.9
19181,42.1,9.6
19183,40.7,9.2
19185,39.3,10.5
19187,38.7,9.9
19189,39,8.7
19191,36.5,8.1
19193,38.5,11.4
19195,39.9,9.4
19197,41.8,10.9
20001,41.3,10.9
20003,36.4,10.7
20005,40.5,10.6
20007,41.9,10.7
20009,41.3,10.8
20011,42.5,11.2
20013,41.2,10.1
20015,40.1,9.7
20017,38.8,10.6
20019,40.3,11.6
20021,42,11.2
20023,39.9,10.8
20025,38.9,9.7
20027,40.1,10.5
20029,41.5,10.9
20031,39.5,10.9
20033,38.7,9.6
20035,41.8,11.3
20037,42.6,10.9
20039,38.6,10.3
20041,38.7,10
20043,39,9.9
20045,37.7,10.2
20047,42.2,11.1
20049,42.4,12
20051,41.4,9.6
20053,39.8,11.3
20055,43.5,13.9
20057,38.7,13.9
20059,34.2,9.4
20061,37,12.6
20063,40.2,9.6
20065,38.3,10.1
20067,40.8,11.6
20069,39.8,9.8
20071,36.5,9.4
20073,39.7,10.9
20075,40,11.2
20077,42.3,12.4
20079,37.3,9.7
20081,40.5,11.8
20083,37.1,9.7
20085,43.3,10.3
20087,41.5,9.3
20089,40.5,10.6
20091,31.6,7.9
20093,43.4,12.8
20095,40.7,10.2
20097,35.4,8.8
20099,43.6,11.2
20101,40.3,10.3
20103,40.1,9.9
20105,41.2,10.2
20107,38.6,10.4
20109,38.5,10.6
20111,39.1,11.3
20113,35.3,9.4
20115,38.7,9.5
20117,41.5,10
20119,40.4,10.9
20121,35.4,8.9
20123,40.1,10
20125,45.1,11.8
20127,40.4,10.2
20129,38.6,11.4
20131,34.6,9
20133,42.8,11.1
20135,37.8,10.7
20137,40.1,10.5
20139,39.7,10.1
20141,38.5,9.9
20143,36.9,9.9
20145,41.5,10.1
20147,37.6,10.4
20149,31.2,9
20151,38.7,10.4
20153,41.5,10.9
20155,38,10.8
20157,38.2,9.9
20159,36.9,10.2
20161,35.2,11.1
20163,38.3,9.1
20165,37.4,10.4
20167,37,10.1
20169,37.9,10.9
20171,41.2,11.2
20173,33.5,10.8
20175,45.5,14.3
20177,40,11.1
20179,37.8,9.2
20181,40.5,11.3
20183,41,9.5
20185,38.6,10.4
20187,43.2,12.5
20189,40.3,12.4
20191,39.8,10.5
20193,34.3,9.6
20195,36.2,9.5
20197,41.2,9.6
20199,40.6,10.5
20201,40.3,9.8
20203,40.9,11.1
20205,40.5,10.5
20207,38.4,10.5
20209,41.5,15.1
21001,37.3,12.1
21003,41.8,12.1
21005,38.1,11.4
21007,39.5,12.2
21009,40.7,12.3
21011,38.4,11.5
21013,44.2,14.3
21015,38.5,10.6
21017,40.5,12.4
21019,40.8,12
21021,38,11.5
21023,37.2,11.9
21025,43.1,13.1
21027,40.1,14
21029,38.1,11
21031,42.8,12.7
21033,38,11.9
21035,40.6,11.8
21037,35.5,10.3
21039,40.8,12.4
21041,40.4,12.9
21043,42.9,12.8
21045,41.4,14.2
21047,41.8,13.9
21049,40,11.6
21051,43.2,14.6
21053,39.6,13.1
21055,41,12.1
21057,42.8,13.3
21059,35.6,11.4
21061,42.7,12.3
21063,42.2,13.8
21065,42.2,13.2
21067,34.9,11.5
21069,41,13
21071,39.9,12.7
21073,37.6,11.1
21075,45.4,15.7
21077,40.3,12.2
21079,39.5,12.2
21081,37.8,11.2
21083,40.5,12.2
21085,42.2,12.5
21087,42,13.5
21089,43.8,11.7
21091,38.4,11.2
21093,38.9,12.1
21095,44.7,14.5
21097,40,11.5
21099,38.2,13.5
21101,40.3,11
21103,40.6,12.5
21105,40.8,11.7
21107,40.7,13.2
21109,41.9,13.9
21111,37.2,12
21113,36.7,10.5
21115,42.4,13.5
21117,34.7,10.4
21119,42.5,14.1
21121,40.6,13.2
21123,42.3,13
21125,41.1,12.6
21127,39.7,12.9
21129,43.3,16
21131,43.7,13.8
21133,40.6,12.7
21135,46.3,14.1
21137,40.2,12.3
21139,41.1,11.5
21141,40.2,12.1
21143,38.3,12.1
21145,41.6,12.3
21147,43.2,15.1
21149,39.8,11.3
21151,35.9,11.1
21153,44.8,15.1
21155,41.1,12.9
21157,38.5,10.9
21159,43.3,15.3
21161,40,12.2
21163,37.8,11.2
21165,40.8,13.4
21167,38.4,11
21169,41.7,12.6
21171,39.4,12.2
21173,42.3,12.1
21175,38.7,13
21177,41.4,12.5
21179,34.4,10.4
21181,40.2,12.4
21183,40.3,11.9
21185,34.2,9
21187,38.8,11.6
21189,41.2,13.7
21191,39.9,12.1
21193,41,12.8
21195,41.2,12.9
21197,39.7,12
21199,39.3,12.9
21201,40.8,13.2
21203,40.5,13.3
21205,41.5,13.2
21207,40,13.7
21209,36.4,10.5
21211,36.1,10.5
21213,41,11.6
21215,36.9,10.8
21217,38.2,11.8
21219,39.6,13.7
21221,40.3,12.5
21223,38.6,11.2
21225,38.9,12.2
21227,36.3,12.1
21229,37.4,11.8
21231,42.1,14.2
21233,38.2,12.8
21235,41.4,12.4
21237,44.7,16.1
21239,35.1,10
22001,36.8,12.4
22003,40.9,13.2
22005,36.8,11.2
22007,41.2,13.7
22009,45.8,15
22011,36.8,11.8
22013,46.6,16.3
22015,44.7,12
22017,45.9,14.9
22019,43,13.4
22021,39.1,13.9
22023,39.8,11.7
22025,42.7,13.7
22027,45.1,17.9
22029,42,15.4
22031,40,13.5
22033,37.9,12.7
22035,51.3,20.4
22037,40.3,13.2
22039,46.3,15.6
22041,45.1,14.7
22043,38.8,13.2
22045,43.4,14.4
22047,45.7,14.1
22049,40.6,14.1
22051,39.7,12.7
22053,42.3,11.8
22055,34.7,12
22057,42.7,12.7
22059,39.9,12.2
22061,42,14.2
22063,37.2,11
22065,47.4,18.5
22067,44.7,16.1
22069,45,14.7
22071,38.1,13.6
22073,42.1,13
22075,39.8,12.7
22077,42.3,13.6
22079,42,13.7
22081,46.4,14.9
22083,43.3,14.8
22085,46.4,14
22087,44.1,14.1
22089,37.3,11
22091,46.3,15.2
22093,43.9,13.5
22095,43.8,14.8
22097,48.4,15
22099,40.9,13.1
22101,44.6,15.1
22103,35.1,11
22105,42.3,13
22107,46.6,17.8
22109,40.5,12.1
22111,43.9,13.6
22113,39.1,12.6
22115,39.5,12.3
22117,43.3,14.8
22119,45.7,15.5
22121,40.6,13.1
22123,41,13.4
22125,40.4,13.1
22127,43.6,13.9
23001,36.4,9.4
23003,41.7,10
23005,29.4,7.4
23007,33.4,8.2
23009,28.3,7.5
23011,33.6,8.6
23013,27.9,7.3
23015,31.8,7.6
23017,36.7,9.1
23019,38.8,8.8
23021,35.8,8.9
23023,30.7,8
23025,37.3,9.1
23027,33.5,7.7
23029,37.7,9.4
23031,29.5,7.8
24001,37.3,11.6
24003,34.7,8.8
24005,33.2,10.6
24009,33.9,9.2
24011,38.6,11.7
24013,31.5,8.5
24015,37.6,10.7
24017,42.9,11.7
24019,41.8,12
24021,31.2,9.9
24023,37.3,10.4
24025,34.8,9.1
24027,26.9,8.8
24029,38.9,9.5
24031,24.2,9.1
24033,36,13
24035,32.7,8.6
24037,35.2,10.8
24039,43.6,13.6
24041,31.7,9.1
24043,42.3,11.1
24045,36.7,12
24047,36.2,10.3
24510,38.5,13.8
25001,26.5,7.2
25003,28.9,8.1
25005,33,9.6
25007,28.6,8
25009,30.8,8.5
25011,25.8,7.2
25013,35.9,11.2
25015,27.7,8.3
25017,22.1,7.1
25019,28.3,7.5
25021,27,7.8
25023,30.2,8
25025,28,10.2
25027,32.7,9.3
26001,36.6,9.9
26003,34.7,9.6
26005,31.6,9.1
26007,38.7,9.7
26009,34.8,8.1
26011,38.3,9.9
26013,38.3,10.4
26015,33.8,8.2
26017,37.2,8.8
26019,35,8.9
26021,40,9.9
26023,39.6,10.1
26025,38.9,10.5
26027,35.1,9.4
26029,36.6,9.1
26031,36.8,9.6
26033,39.3,10.6
26035,42.3,10.3
26037,35.9,7.9
26039,38.2,10.1
26041,35.6,8.8
26043,32.3,8.5
26045,34.9,8.7
26047,31.4,8.2
26049,39.1,10.4
26051,38.1,9.6
26053,37.3,9.9
26055,30.8,7.9
26057,35.6,9.5
26059,36.8,9.8
26061,34.2,9.3
26063,38.8,9.4
26065,34,9.2
26067,38.7,9.7
26069,38.2,10.6
26071,37.1,10
26073,38.5,10.5
26075,39.7,10
26077,35.7,9.1
26079,35.7,10.2
26081,33.5,9.6
26083,34.3,8
26085,42,11.8
26087,35.5,9.4
26089,31.2,7.7
26091,42.4,9.4
26093,35.4,7.6
26095,39,10.5
26097,38.1,10.5
26099,36.7,9.7
26101,38,8.9
26103,32,8.9
26105,39.4,9.3
26107,33.4,10.1
26109,37.3,9.4
26111,31.1,8.4
26113,38.3,9.7
26115,38,9.8
26117,39.2,9.8
26119,38,9.7
26121,43,11.2
26123,39.2,9.8
26125,29.7,7.9
26127,37.9,10
26129,38.3,9.9
26131,38.1,9.9
26133,38.7,9.8
26135,36.9,10
26137,34.4,9.6
26139,35.9,8.1
26141,35.9,9.4
26143,35.4,9.8
26145,43,11.1
26147,40.8,9.6
26149,37.4,10.5
26151,38.5,10.1
26153,37.5,10.8
26155,36.1,9.1
26157,39.4,10.3
26159,39.5,10.3
26161,30.1,8.5
26163,36.7,11.6
26165,38.2,9.6
27001,36.2,9.3
27003,35.9,8.6
27005,39.3,8.9
27007,41.1,10.4
27009,37.2,8.6
27011,42.6,9.4
27013,42.1,9.9
27015,39.9,9.3
27017,41.2,9.1
27019,33.1,7.3
27021,38.1,9.8
27023,41.6,9
27025,38.3,8.5
27027,35.1,8.9
27029,39.2,9.6
27031,34.8,8.4
27033,39.3,10
27035,38.6,8.9
27037,32.9,8.9
27039,37.6,8
27041,38.6,9.1
27043,37.2,9
27045,37.2,9.3
27047,40.6,10.4
27049,36.4,8.3
27051,38,9.4
27053,27.4,7.9
27055,38.4,9
27057,40,8.7
27059,38.6,8.6
27061,34.6,8.4
27063,40,8.3
27065,37.8,9.2
27067,36.6,9.5
27069,39.3,9.1
27071,36.9,9.3
27073,35.1,8.8
27075,34.7,8.7
27077,38.3,9.3
27079,38.7,9.4
27081,38.2,9.2
27083,45.5,9.4
27085,40.3,8.9
27087,44.3,13.3
27089,42.2,9
27091,38,9
27093,41.1,8.8
27095,42.6,9.9
27097,39.8,8.8
27099,40.7,10.4
27101,40.5,9.5
27103,36.5,8.8
27105,40.7,11.3
27107,37.9,9
27109,35.4,8.7
27111,38.2,10.1
27113,30.5,8.8
27115,38.9,9.6
27117,39.5,9.5
27119,38.8,9.3
27121,38.1,8.8
27123,32.6,9.8
27125,36.8,9.6
27127,39,9.2
27129,38.4,9.8
27131,35,9
27133,37.8,9.1
27135,33.3,8.6
27137,36.7,9.2
27139,33.6,8.4
27141,37.7,8.6
27143,40.7,9.2
27145,38.4,9.6
27147,36.9,8.8
27149,37.9,9.4
27151,39.7,9.7
27153,40.5,9.5
27155,38.3,9.2
27157,33.1,8
27159,42.9,9.8
27161,41.2,8.7
27163,30.9,7.1
27165,39.3,10.3
27167,41.1,9.3
27169,34.8,8.9
27171,37.2,8.5
27173,39.6,9.4
28001,43.6,16
28003,42.4,12.3
28005,45,15
28007,44.4,14.6
28009,43.6,13.8
28011,45.6,15.5
28013,41.9,14.2
28015,42.1,14.8
28017,47.3,15.1
28019,41.6,12.7
28021,51.2,18.2
28023,44.7,13.6
28025,42.6,16
28027,48.4,19
28029,46.3,14.7
28031,41.4,13.7
28033,39.6,11.3
28035,43.9,13.6
28037,42.3,14
28039,40.4,12.1
28041,42.6,13.1
28043,45,14.7
28045,36.3,11.2
28047,34.7,12.3
28049,47,16.1
28051,53,19.6
28053,51,20.1
28055,46.1,16.4
28057,37.8,11.4
28059,38.4,11.4
28061,44.1,14.7
28063,52.2,18.8
28065,43.8,15.6
28067,43.4,12.6
28069,47.2,15
28071,40,11.8
28073,39.5,11.4
28075,39.3,14.3
28077,43.3,14.5
28079,45.1,15.4
28081,40.6,12.5
28083,45.8,18.9
28085,42.9,13.6
28087,44.1,13.6
28089,37.2,10.7
28091,44.1,14.1
28093,44.4,14.6
28095,40.9,13.5
28097,45.5,16.1
28099,42.4,14.8
28101,44.3,14.2
28103,47,16.7
28105,41.1,14.4
28107,46,15.5
28109,40.3,11.4
28111,41.7,14
28113,46.1,16
28115,43.4,11.9
28117,40.4,11.8
28119,50.3,18.4
28121,36.3,10.6
28123,45.8,15.8
28125,49.8,18.9
28127,41.7,13.2
28129,42,13.5
28131,41.4,12.8
28133,47.5,17.4
28135,45.3,16.3
28137,40.4,12.8
28139,42.2,12.4
28141,39.9,11.5
28143,50.1,18.6
28145,39.8,11.7
28147,41.4,14.3
28149,41.8,13.2
28151,44.6,16.1
28153,45.5,13.9
28155,39.8,11.8
28157,49.3,17.4
28159,45.3,14.6
28161,43.1,14.4
28163,45.4,16.8
29001,42,11.1
29003,42.1,9.4
29005,39.4,10.1
29007,40.2,11.4
29009,38.4,10.7
29011,42.7,11.9
29013,38.3,10.3
29015,38.4,10.7
29017,41.2,10.9
29019,33.1,9.6
29021,40.1,11
29023,41.2,11.2
29025,40,10.7
29027,41.7,10.6
29029,33.5,9.7
29031,40.7,10.5
29033,38.9,10
29035,40,11.1
29037,35.1,9
29039,42,11.5
29041,36.2,9.4
29043,36.7,9.3
29045,40.4,11.1
29047,35.2,9.6
29049,38.2,9.2
29051,36.7,9.2
29053,41.1,10.4
29055,38.7,11.2
29057,44.5,11.4
29059,40.6,10.9
29061,37.4,10.7
29063,42.3,10
29065,38.9,11.3
29067,38.7,11
29069,43.1,12.1
29071,38.8,9.3
29073,38.6,9.7
29075,37.6,10.4
29077,34.5,9.5
29079,39.7,10.9
29081,42.5,10.7
29083,40.1,10.5
29085,43.9,11.6
29087,39.6,10.3
29089,40,10.3
29091,40.5,11.9
29093,39.4,10.9
29095,38.8,10.7
29097,35.8,10.7
29099,39.1,9.4
29101,40,10.1
29103,38.9,10.9
29105,44.1,11.1
29107,38.9,9.7
29109,41.9,10.8
29111,39.9,11.1
29113,41.3,9.5
29115,41.4,10.9
29117,38.6,10
29119,41.2,12.7
29121,36.9,10
29123,38,10.2
29125,38.8,10.6
29127,36.1,10.3
29129,42.4,10.3
29131,39.7,10.4
29133,44.5,13.7
29135,39.8,10.7
29137,41.4,10.6
29139,41.2,10.5
29141,43.1,11.2
29143,41.7,11.9
29145,36.9,9.9
29147,42.3,10.9
29149,44.3,11.6
29151,36.6,8.7
29153,44.2,12.4
29155,43.8,13.8
29157,37.3,10.1
29159,39,10.4
29161,39.2,10.6
29163,43.3,11.2
29165,39.5,9.3
29167,42,11.4
29169,35.4,10.5
29171,40.7,9.5
29173,40,10.3
29175,41.6,10.9
29177,40.4,10.2
29179,40.6,11.3
29181,42.8,11.3
29183,36.1,8.5
29185,41.1,11.1
29186,36.7,10.3
29187,40,10.8
29189,33.4,10.2
29195,39.1,10.9
29197,39.8,9.5
29199,39.2,10.8
29201,43.4,12
29203,41.4,11.4
29205,41.4,11.4
29207,45.2,11.3
29209,40,10.3
29211,40,12
29213,39.2,11
29215,41.3,11.3
29217,41.3,10.7
29219,37.6,9.8
29221,39,11.1
29223,41.4,10.9
29225,38.6,10.3
29227,39.7,10.7
29229,40.9,11.8
29510,36.7,12
30001,31.3,8
30003,41.4,12.4
30005,41.4,11.3
30007,32,8.3
30009,29,7.6
30011,33.4,8.2
30013,35.6,8
30015,34.5,8.9
30017,35.8,8.1
30019,31.9,8
30021,35.7,7.6
30023,32.9,8.2
30025,33.5,7.7
30027,32.1,7.8
30029,30.2,7
30031,23.7,6.6
30033,32,7.9
30035,36.2,14.2
30037,34.1,9.1
30039,32.4,8.1
30041,34.9,9.5
30043,29.4,7.3
30045,33.4,7.9
30047,33.9,9.1
30049,30.1,6.5
30051,37.4,10.1
30053,30.9,8.6
30055,34.2,7.1
30057,26.5,7.1
30059,33.7,7.4
30061,35.1,8.1
30063,29.2,7.1
30065,33.3,8.2
30067,27.7,7.2
30069,32.8,7.8
30071,39.4,7.7
30073,34.4,8.8
30075,33.2,8.4
30077,32.7,8.6
30079,36.5,10.3
30081,32.7,7.1
30083,35.7,7.8
30085,40.6,13
30087,39.7,10.8
30089,35.3,8.6
30091,32.7,7.4
30093,29.8,8.1
30095,31.9,6.8
30097,32.1,7.3
30099,31.3,7.6
30101,35.1,8.8
30103,31,7.6
30105,36.1,8.3
30107,35.4,9
30109,34.5,8.3
30111,34.6,8.2
31001,40.7,9.6
31003,40.8,8.9
31005,39,9.3
31007,39,9
31009,39.4,9.8
31011,35.3,9
31013,40.5,9.8
31015,40.7,9.7
31017,40.6,9.4
31019,43.4,10.2
31021,40.6,9.7
31023,39.4,8.4
31025,38.1,8.3
31027,40.4,8.8
31029,38.5,10
31031,42,10.8
31033,41.2,9.7
31035,44.2,9.9
31037,38.8,12.2
31039,39.7,9.7
31041,38.7,9.6
31043,45.8,12.7
31045,39.5,9.7
31047,41.4,11.9
31049,38.5,9.7
31051,40.5,10.2
31053,38.7,9.6
31055,35.8,10
31057,41.2,9.5
31059,38.9,9.1
31061,42.3,9.9
31063,40.6,9.7
31065,41.4,10
31067,42.6,10.2
31069,42.3,10.7
31071,37.9,8.5
31073,38.7,9
31075,36.6,8.4
31077,38.1,9
31079,38,11
31081,41.7,9
31083,36.6,8.8
31085,40.5,10.6
31087,43.4,10
31089,39.2,9.9
31091,39.9,9.2
31093,38.1,8.8
31095,39.9,9.9
31097,40.3,9.8
31099,38.3,9.4
31101,37,9.5
31103,39.8,9.7
31105,43.8,11
31107,43.8,10.1
31109,33.1,9.2
31111,39.4,11.3
31113,37.9,7.8
31115,38.7,9.4
31117,40.8,10
31119,40.3,10.2
31121,40.1,9.5
31123,38.9,9.7
31125,40.5,9.9
31127,40.9,9.5
31129,38.2,8.8
31131,37.2,9.4
31133,39.2,9.9
31135,39.3,9.6
31137,43.2,8.7
31139,41.4,8.6
31141,36.4,9.6
31143,40.2,9.4
31145,39.5,9
31147,44.2,10.5
31149,41,9
31151,40.8,11.4
31153,38.4,10
31155,36.2,8.6
31157,42,10.8
31159,41.7,8
31161,36.3,9.8
31163,40,10
31165,40.9,11.2
31167,37.9,9.5
31169,40.2,10.3
31171,36.9,8.9
31173,48.8,14.4
31175,40.2,9.1
31177,37.8,8.1
31179,37.3,9.6
31181,39.5,10.1
31183,38.6,9.4
31185,38.9,8.5
32001,33.6,9.6
32003,32.8,10.3
32005,30.5,7.6
32007,35.5,9.6
32009,35.5,11.2
32011,33.9,10.1
32013,33.8,10.8
32015,33.8,10.2
32017,32.1,9.1
32019,35.9,9.8
32021,35,11.7
32023,32,10.7
32027,34.8,10
32029,31.3,8.1
32031,29.8,9.6
32033,33.4,10.1
32510,32.6,9.9
33001,30.3,8.1
33003,28.5,7
33005,31.2,8.1
33007,35.9,9.1
33009,28.8,7.6
33011,29.8,7.7
33013,30.7,7.9
33015,31.7,7.5
33017,32.9,9.1
33019,32.3,8.6
34001,33.2,10
34003,25.8,8.4
34005,32.6,8.4
34007,32.8,10.1
34009,31.7,8.5
34011,36.8,11.3
34013,29.1,10.2
34015,36.3,8.7
34017,30.7,10.1
34019,26.5,7.5
34021,30.7,8.9
34023,26.9,9.9
34025,29.3,7.9
34027,25.9,7.3
34029,33.2,8.5
34031,31.7,10.7
34033,36.3,8.8
34035,26.9,7.8
34037,29.3,7.6
34039,28,9.3
34041,29.1,7.7
35001,28.1,9.3
35003,33,11.2
35005,42,12
35006,38.3,13.8
35007,35.6,11
35009,34.9,10.7
35011,33.1,11
35013,36,12.1
35015,39.1,11.6
35017,35,11.2
35019,35.6,14
35021,35,11.3
35023,34.9,12.5
35025,35.5,12.7
35027,30.5,9.8
35028,22.4,6.4
35029,38.7,14.8
35031,37.4,16.6
35033,37,13.2
35035,38.8,11.2
35037,36,11.9
35039,38.8,13.2
35041,34.3,11.4
35043,31.1,10
35045,38.1,12.1
35047,35.1,12.7
35049,23.1,8.9
35051,33.7,11.1
35053,35,13.4
35055,29,10.5
35057,34.8,12.1
35059,35.4,12.1
35061,35.5,11.5
36001,33.5,8.4
36003,34.3,9.1
36005,37.2,15
36007,33.3,8.9
36009,36.5,9.6
36011,41,9.2
36013,34.7,9.5
36015,34.2,9.6
36017,37.5,9.7
36019,41.8,9.8
36021,33,8.1
36023,34,9.3
36025,35.9,9.2
36027,34.3,8.4
36029,32.7,8.9
36031,36,8.4
36033,36.6,9.8
36035,36.3,9.7
36037,35.3,9
36039,32.4,8.3
36041,37.3,9.1
36043,37.8,8.8
36045,37.4,9.9
36047,26.9,10.9
36049,35.9,8.7
36051,32.4,8.7
36053,34.4,8.1
36055,36.1,8.8
36057,36,10.2
36059,26.9,9
36061,21.2,8.6
36063,34.6,8.9
36065,38.2,9
36067,35.1,9.2
36069,34.1,8.3
36071,37.3,9.4
36073,36.2,8.6
36075,38.5,9.2
36077,35.5,8.9
36079,30.1,8.2
36081,24.7,10.7
36083,34.6,8.7
36085,29.4,9.7
36087,32,10.2
36089,37.1,9.9
36091,32.1,7.1
36093,34.3,8.9
36095,37.6,9.1
36097,37.6,9.2
36099,37.4,8.9
36101,36.6,8.8
36103,29.8,8.4
36105,34.8,10.6
36107,35.2,8.3
36109,33,8.4
36111,32.2,8.9
36113,34.7,8.4
36115,36,8.8
36117,37.2,8.4
36119,26.6,8.2
36121,35.8,8.8
36123,35.3,9.5
37001,38,11.3
37003,33.8,9.7
37005,36.6,11.1
37007,43.1,13.9
37009,33.9,9.6
37011,33.1,10.1
37013,38.3,11.5
37015,43.5,14.9
37017,38.6,12.7
37019,30.9,9.2
37021,26.2,8
37023,32,10.4
37025,34.6,9.9
37027,35,10.5
37029,34.3,9.4
37031,31.6,9.2
37033,35.5,12.2
37035,34.1,10.1
37037,30.7,9.9
37039,31.5,10.6
37041,39.4,12.2
37043,32.7,9.6
37045,37.8,11.3
37047,39.2,13.4
37049,36.1,11.6
37051,39.6,12.2
37053,33.2,9
37055,29.5,8.2
37057,34.5,10.3
37059,34,9.7
37061,39.4,12.6
37063,32.5,10.2
37065,40.5,14.3
37067,31.8,10.6
37069,38,11.2
37071,36.5,10.9
37073,37.3,11.5
37075,34,10.4
37077,37.5,11.8
37079,41.2,13.8
37081,33.5,11
37083,41.2,14.5
37085,39.4,11.5
37087,31.5,9.2
37089,33.9,9.2
37091,43.4,15
37093,35.6,13
37095,39.2,13.5
37097,33.5,9.7
37099,32.4,10.1
37101,36.2,11
37103,38.2,12.3
37105,38.4,11.7
37107,40.4,13.6
37109,33.2,9.7
37111,33.3,11
37113,31.3,10
37115,31.9,9.8
37117,38.5,13.3
37119,34.1,10.6
37121,34.1,9.5
37123,37.5,11.4
37125,32.1,9.2
37127,42.1,12.2
37129,32.4,9.1
37131,40.3,13.9
37133,32.1,10.6
37135,26.3,8.7
37137,36.6,10.9
37139,36,11.4
37141,31.3,10.1
37143,33.8,10.6
37145,40.5,11.9
37147,37.3,11.6
37149,32.2,8.3
37151,32.5,10.9
37153,39.8,12.8
37155,41.9,15.6
37157,37.8,11.8
37159,33.9,11.3
37161,36.7,11
37163,38.5,13.3
37165,41.1,14.8
37167,34.3,10.3
37169,33.1,9.9
37171,35.3,11.1
37173,36.8,12
37175,32.8,8.8
37177,37,12.3
37179,31.1,9.5
37181,41.2,13.6
37183,25.6,8.9
37185,42,14.5
37187,41,13.8
37189,33.7,9.9
37191,39.1,12.2
37193,35.2,10.6
37195,39.2,13.7
37197,36.1,10.7
37199,32.3,9.8
38001,38.2,9.5
38003,37.8,8.5
38005,42.1,13.5
38007,35.9,8.4
38009,39.3,9.2
38011,37.2,9
38013,35.1,7.9
38015,39.2,8.3
38017,34.1,8.4
38019,36.6,8.3
38021,38.4,9.3
38023,36.7,9.1
38025,37.8,9
38027,39.7,9.8
38029,36.8,8.6
38031,39.9,8.3
38033,40.9,9.1
38035,37.4,9.3
38037,40.5,10
38039,37,8.5
38041,37.5,8.8
38043,38.1,9
38045,37.6,8.2
38047,38.2,9.4
38049,37,8.7
38051,40.9,9.6
38053,35.5,9.9
38055,36.4,8.3
38057,36.3,9.2
38059,35.8,9
38061,39.7,10.9
38063,39.2,8.6
38065,40,8.9
38067,34.3,9.1
38069,36.3,8.3
38071,36,9.1
38073,38.3,8.8
38075,37.4,8.5
38077,41.9,9.1
38079,45.4,15.4
38081,36,8.8
38083,37.4,8.7
38085,49.4,19.2
38087,37.4,8.6
38089,39.3,9
38091,37.2,8.5
38093,40.2,9.2
38095,36.6,10.3
38097,38.2,8.6
38099,38.5,10
38101,37.4,8.9
38103,37.9,8.6
38105,37.7,9.2
39001,45.2,13.2
39003,47.1,12.9
39005,40.5,11.5
39007,43.1,12.3
39009,38.3,11.7
39011,42.6,10.1
39013,43,12.2
39015,42.6,11.5
39017,36.5,11.6
39019,40.7,12.3
39021,39.7,11.1
39023,41.8,12.3
39025,40.1,10.7
39027,41.6,12
39029,47,12.2
39031,40.5,12.4
39033,44,12.4
39035,37.8,11.1
39037,40.1,11.7
39039,42.2,11.2
39041,32.2,8.9
39043,36.7,10.5
39045,39,11.4
39047,40.6,13
39049,36.1,11.8
39051,42.4,11.5
39053,40.1,12.7
39055,36.3,9.9
39057,39.2,10.7
39059,41.5,12.3
39061,38.6,12.9
39063,37,10.9
39065,45.3,12.9
39067,41.4,11.6
39069,42.8,11.3
39071,43.1,12.4
39073,42.7,12.8
39075,42.7,12.3
39077,41.9,11.7
39079,43.7,12.4
39081,40.1,11.1
39083,35.8,10.2
39085,40.9,10.8
39087,44.9,13
39089,36,10.8
39091,38.7,11.6
39093,39.6,11.6
39095,42.4,12.8
39097,41.7,11.6
39099,39.7,12.5
39101,45.2,12.8
39103,36,10.4
39105,48.7,13.1
39107,37.8,10.9
39109,39.8,10.5
39111,43,12.1
39113,41.5,12.4
39115,41.8,11.8
39117,42.6,12.5
39119,41.2,11.8
39121,44.8,12.7
39123,41.2,10.3
39125,39.4,11.8
39127,42.9,12
39129,42.9,11.2
39131,40.6,13.3
39133,38.5,10.6
39135,38.5,11.4
39137,40,10.1
39139,39.8,12
39141,42.2,13
39143,42.2,12.1
39145,43.7,12.9
39147,47.1,12.1
39149,37.9,11.4
39151,38.3,10.8
39153,39.5,11.2
39155,44.6,12.8
39157,43.7,12
39159,37.4,8.7
39161,42.3,10.9
39163,41.2,12.8
39165,34.1,9.9
39167,44.7,12
39169,40.1,10.6
39171,41.5,11.5
39173,35.7,10.6
39175,40,10.3
40001,43.6,15.6
40003,37.7,11.1
40005,42.8,13.4
40007,39.2,11.3
40009,42.7,12.1
40011,43.6,12.6
40013,41.2,12.6
40015,41,14.2
40017,42.4,10.9
40019,40.7,12.1
40021,44.3,14.2
40023,45.4,13.8
40025,39.5,10.7
40027,36.9,11.4
40029,43.2,14.1
40031,43.8,12.7
40033,42.4,12.8
40035,43.6,14.4
40037,39.4,11.8
40039,38.8,11.8
40041,43,13
40043,40.8,11.8
40045,41.2,11.1
40047,42.3,11.4
40049,42.4,12.3
40051,41,11.1
40053,44.8,12.2
40055,41.5,12.7
40057,43.5,13.6
40059,43.2,12
40061,43.7,13.5
40063,47.6,14.2
40065,42.7,12.8
40067,45.2,13.3
40069,43.7,13.6
40071,44,11.9
40073,41.3,11
40075,45.4,13.5
40077,46.4,14.3
40079,42.7,13.5
40081,42.3,11.8
40083,42.2,11.2
40085,43.5,12.2
40087,37.9,11
40089,45.1,14.5
40091,42.1,13.5
40093,41.6,10.8
40095,43.7,13.1
40097,43.1,13.1
40099,44.4,12
40101,44.6,12.9
40103,40.5,11.2
40105,41.2,12.6
40107,44.6,14.7
40109,39.4,11.9
40111,44.2,13.8
40113,40.3,12.3
40115,44,13.9
40117,40.7,11.4
40119,38.5,11.8
40121,41.4,12.4
40123,43.3,12.5
40125,42.6,12.2
40127,43.5,14.3
40129,40.3,11.5
40131,40.9,10.6
40133,43,13.8
40135,41.2,14.1
40137,42.3,11.4
40139,41.3,14
40141,42.4,13.7
40143,37,11.6
40145,43.5,10.7
40147,41.6,12.3
40149,40.7,11.4
40151,40.7,11
40153,42,11.8
41001,34.3,9.5
41003,26.4,8.8
41005,29,7.8
41007,30.3,8.4
41009,36.9,9
41011,31.1,9.5
41013,33,9.3
41015,31.7,9.8
41017,27,8.2
41019,35.1,9.7
41021,31.8,9.1
41023,30.9,9.3
41025,34.8,10.1
41027,30.5,9
41029,35.9,9.7
41031,34.9,10.3
41033,32.8,9.9
41035,38.4,10.2
41037,34.1,10.3
41039,32.5,9.2
41041,32,9.6
41043,34.8,9.2
41045,38.3,12.1
41047,39.4,11.1
41049,37.4,11.7
41051,28.9,8.5
41053,34.4,9.9
41055,33.2,9.5
41057,30.8,9.1
41059,37.8,10.8
41061,35.6,9.5
41063,30.4,8.2
41065,32.9,9.6
41067,29.6,8.8
41069,35.3,9.8
41071,34.5,9.2
42001,37.3,8.8
42003,32,9.4
42005,37.9,9.3
42007,37.2,9
42009,35.3,9.5
42011,35,9.8
42013,36.2,10.1
42015,34.9,9.3
42017,30.4,8.8
42019,32.7,7.8
42021,37.1,9.7
42023,38,10.6
42025,34.4,9.5
42027,34.7,9.2
42029,29.5,7.9
42031,35.7,9.4
42033,36.9,10.1
42035,35.3,9.4
42037,37.2,9.5
42039,37.8,9.5
42041,33,8.8
42043,34.3,10.6
42045,31.4,9.5
42047,37.8,9.2
42049,36.9,9.8
42051,34.8,10.3
42053,40.4,11.9
42055,39.2,9.4
42057,36,9
42059,36,9.7
42061,35.8,9.4
42063,40.1,9.6
42065,35.8,9.8
42067,36.1,9.7
42069,33.2,9.5
42071,35.7,8.9
42073,35.8,9.6
42075,37.3,9.4
42077,34.3,10.2
42079,38.7,10.1
42081,35.6,9.1
42083,36.3,9.6
42085,35.7,9.2
42087,38.7,10.1
42089,37.7,10.3
42091,31.2,8.5
42093,35.3,9.6
42095,33.7,9.2
42097,37.7,9.6
42099,34.9,8.8
42101,34.5,14.4
42103,33.9,9.2
42105,38.2,9.5
42107,39,10
42109,36.5,9.4
42111,36.6,9.3
42113,36.6,10.1
42115,33.2,8.4
42117,38.8,9.6
42119,35.3,9.8
42121,35.5,9.5
42123,34.6,9
42125,38.2,8.9
42127,35.2,10
42129,31.4,8
42131,35.8,9.3
42133,35.3,8.8
44001,25.6,7.9
44003,32.9,8.8
44005,27.6,7.4
44007,32.4,10.7
44009,25,7.7
45001,38.7,11.7
45003,37,10.5
45005,44.5,16.6
45007,38.5,11
45009,44.3,14.4
45011,43.4,14
45013,27.9,9.2
45015,36.6,11
45017,38.4,12.5
45019,28.8,9.4
45021,32.3,11.5
45023,42,12.3
45025,39.8,12.6
45027,45.6,13.5
45029,44.8,13.5
45031,41.4,12.6
45033,42.3,16.6
45035,36.4,10.9
45037,39.1,12.9
45039,41.1,14.8
45041,38.8,12.3
45043,33.9,10.5
45045,30,8.9
45047,40.5,12.1
45049,43.7,14.9
45051,34.7,10.4
45053,37.5,12.8
45055,36.5,11.5
45057,36,10.3
45059,41,12.2
45061,49.1,16
45063,39,10.1
45065,38.3,12.4
45067,42.4,15.8
45069,46,16
45071,38.7,11.9
45073,31.6,10.2
45075,47.1,15.3
45077,36.8,10.3
45079,33.9,11.9
45081,38.9,12.5
45083,36.4,11.1
45085,40.9,12.9
45087,42.9,13.3
45089,47.2,14.4
45091,31.2,9.4
46003,33.4,8.3
46005,34.7,10.2
46007,43,12.6
46009,36,9.3
46011,37.8,8.3
46013,35.9,7.9
46015,36.8,9.3
46017,44.4,16.6
46019,34.9,8.7
46021,35,8.1
46023,38.5,10.5
46025,38,8.3
46027,39.9,9.4
46029,39.8,8.8
46031,46.2,15
46033,37.5,8.2
46035,36.9,9
46037,37.8,9.1
46039,34.9,8.6
46041,40.8,15
46043,36.2,8.5
46045,35.6,8.2
46047,36.5,9.7
46049,37.2,9.1
46051,33.1,8
46053,36.8,9.3
46055,35.9,8.7
46057,34.2,7.9
46059,34.5,7.9
46061,33.1,7.9
46063,33.7,7.6
46065,34.8,7.4
46067,34.1,8
46069,35.2,8.1
46071,39.7,14.3
46073,36.6,8.6
46075,35.5,8.1
46077,34.2,8.2
46079,35.8,7.7
46081,35,7.9
46083,32.6,7.3
46085,39.9,12
46087,34.7,7.9
46089,37.8,8.5
46091,32.9,7.9
46093,33.3,7.5
46095,42.8,14.3
46097,36.3,8.4
46099,33.9,7.5
46101,32.8,8.7
46102,43.9,20
46103,34.6,8.2
46105,33.5,7.4
46107,34.1,8
46109,42.8,11.5
46111,35,8.3
46115,36.8,8.4
46117,33.7,7.8
46119,37.4,8
46121,44.3,18.5
46123,41.2,10.4
46125,34.2,7.9
46127,32.6,7.9
46129,34.8,9.1
46135,35.3,8.1
46137,44.9,15.3
47001,38.3,11.5
47003,41.3,12.3
47005,39.8,12.6
47007,42.8,13.8
47009,33.4,10.7
47011,39.2,11.5
47013,39.2,12.5
47015,36.2,11.8
47017,40.6,13.1
47019,41.3,12.8
47021,37.4,10.7
47023,39.2,13.1
47025,41.1,12.3
47027,39.4,13.2
47029,41.5,13.2
47031,39.6,12.7
47033,39.1,13.2
47035,37.4,12.1
47037,32.3,12.4
47039,41.5,13.1
47041,41.7,13.4
47043,35.1,11.4
47045,41.3,12.8
47047,36.8,12.2
47049,40.1,13
47051,39,12.5
47053,40,13.1
47055,38.2,12.4
47057,38,13.3
47059,38,12.4
47061,37.6,12.5
47063,38.7,12.3
47065,33.3,11.6
47067,42.6,14.8
47069,47.5,15
47071,37.5,11.9
47073,37.5,11.5
47075,44.3,16.5
47077,43,13.3
47079,39.4,12.9
47081,39.7,12.2
47083,38.1,11.7
47085,37.7,12.7
47087,35.5,12.7
47089,38.8,11.2
47091,39.1,12.9
47093,37.5,11.3
47095,44.8,16
47097,44.5,15.3
47099,41,12.7
47101,39,13.2
47103,40.5,11.7
47105,36.3,11.4
47107,40.4,11.6
47109,43.1,13.1
47111,40.4,12.3
47113,39.5,13.4
47115,40.8,12.1
47117,40.1,12.8
47119,40.7,10.9
47121,38,11.3
47123,36.1,12.5
47125,42.6,12.5
47127,36.5,11.5
47129,40.2,13.4
47131,40.9,12.9
47133,38,12.1
47135,38.8,12.7
47137,39.8,13.2
47139,37.6,12.2
47141,38.4,11.3
47143,39.3,13.3
47145,39.4,11.3
47147,37.7,11.1
47149,33.8,12.1
47151,41.2,13.5
47153,38.9,13
47155,39.4,10.8
47157,42.6,14.8
47159,36.9,11.3
47161,36.6,11.6
47163,40.7,12
47165,38.4,10.5
47167,39.4,12.1
47169,38.6,12.7
47171,36.8,12.6
47173,37.7,11.9
47175,39.2,12.5
47177,39.2,13.5
47179,37.1,12.1
47181,40.3,13.4
47183,40,12
47185,39.8,12.5
47187,28.7,8.9
47189,36.8,10.7
48001,39.5,13.6
48003,39,13.8
48005,41.1,14.2
48007,40.3,12.6
48009,36.1,10.3
48011,34.4,10.3
48013,43,14.7
48015,36.3,12
48017,37.9,13.3
48019,36,11.2
48021,40.2,12.4
48023,35.9,10.8
48025,43,16.3
48027,39,13.7
48029,37.3,15.4
48031,34.8,10.8
48033,33.2,9
48035,37,12.3
48037,40.9,12.8
48039,39.6,12.6
48041,36.9,12.6
48043,35.9,11.7
48045,43.3,15.8
48047,45,19
48049,38.3,12.1
48051,38.4,12.3
48053,41.7,11.1
48055,39,14.6
48057,36.7,12.7
48059,36.4,10.9
48061,47.6,19.9
48063,39.9,13.9
48065,34.2,10.1
48067,38.6,12.4
48069,40.4,14.5
48071,38.7,11.8
48073,39.1,13.7
48075,41.1,13.6
48077,34.5,10.2
48079,43.6,17.6
48081,39.6,13.2
48083,38.2,12.1
48085,28.6,9.6
48087,39.4,13.6
48089,39.7,12.5
48091,39.1,9.9
48093,39.1,12.5
48095,39.4,14.7
48097,37.3,11.2
48099,37.7,12.7
48101,42.4,14.9
48103,40.3,14.7
48105,38.6,14.1
48107,41.3,15.3
48109,43.1,16.5
48111,40.1,14.5
48113,34.8,13.2
48115,42.6,16.3
48117,43.6,17.4
48119,36.8,11.3
48121,30.7,10.1
48123,41,13.6
48125,37.4,12.5
48127,49.9,21.5
48129,37.3,12
48131,42.6,17.5
48133,37.2,11.8
48135,40.3,14.4
48137,42.3,16.5
48139,37.6,11.3
48141,39.3,16
48143,39.7,12.1
48145,42.7,14.7
48147,37.8,11.7
48149,36,10.9
48151,37.6,12.4
48153,41.1,16.2
48155,40.4,14
48157,33.1,11.8
48159,34.5,9.8
48161,39.3,13.1
48163,41.6,17.3
48165,40.3,13.7
48167,39.8,11.6
48169,41.2,15.4
48171,34.2,10.5
48173,34.2,11
48175,38.9,12.8
48177,39.5,14
48179,40.5,13.5
48181,37.2,11.8
48183,39.9,13.1
48185,41.6,13.4
48187,39.4,12.1
48189,42.7,15.5
48191,41.1,14
48193,37.5,11.9
48195,36.8,12.3
48197,37.1,12.2
48199,37.5,11.1
48201,35.2,14.5
48203,39.9,12.7
48205,35.2,11.1
48207,39.7,13.2
48209,34.4,11.7
48211,36.6,11.3
48213,37.3,11.8
48215,47.6,19.2
48217,37.1,12.6
48219,41.3,14
48221,33.5,9.3
48223,37.6,11.8
48225,40.4,14
48227,41.6,13.8
48229,42.8,20
48231,41.8,11.9
48233,37.7,11.8
48235,35.7,11.2
48237,38.1,12.2
48239,39.5,13.4
48241,40.7,13.3
48243,39.6,13.7
48245,38.1,15.5
48247,44.9,19.3
48249,42.6,16.6
48251,41.6,12.1
48253,42.6,14.3
48255,40.5,15
48257,37.5,12.4
48259,32.8,9.5
48261,47.3,21.2
48263,34.9,10.7
48265,34.9,12
48267,37.6,12.5
48269,40.8,14.7
48271,41.5,15.5
48273,41.5,16.2
48275,39.9,13.4
48277,38.6,12.4
48279,41.7,15.5
48281,38.3,12
48283,44.2,18.2
48285,37.7,11.7
48287,38.6,12.9
48289,37.6,12.4
48291,39.8,14.1
48293,40.1,14.4
48295,37.7,12.9
48297,40.9,14.4
48299,38.5,10.6
48301,32.6,9.5
48303,36.3,12.5
48305,40.5,15.1
48307,39.3,13
48309,39,13.5
48311,42.7,15.6
48313,40.4,13.4
48315,41.1,13
48317,39,13.3
48319,36.3,10.7
48321,41.2,15.2
48323,45.2,19.8
48325,40.3,13.1
48327,38.3,12.6
48329,38.4,12
48331,37.5,12.2
48333,34.9,10.9
48335,41.1,14.5
48337,37.2,10.9
48339,35.4,11
48341,39,15.9
48343,40.6,12.8
48345,36.5,11.1
48347,40.6,13.1
48349,42.3,13.9
48351,42.1,14.3
48353,41.8,14.4
48355,44,15.5
48357,38.7,13.7
48359,36.7,11.7
48361,41.6,11.8
48363,36.9,11.7
48365,38.3,12.4
48367,36.8,10
48369,40,15
48371,42,16.1
48373,40.4,14.2
48375,38.6,15.3
48377,44.2,19.7
48379,37.5,11.3
48381,33.9,10.4
48383,39.4,14.4
48385,41.3,14.3
48387,39.9,13
48389,42.7,18
48391,40.7,14.7
48393,36.4,10.5
48395,37.9,12.4
48397,34.9,9.8
48399,38.1,12.5
48401,39.6,12.1
48403,38.6,12.1
48405,42.8,14.8
48407,38.2,12.5
48409,43.3,14.6
48411,39.4,12.5
48413,39.7,14
48415,39.1,13.7
48417,38.1,10.6
48419,40.9,14.2
48421,37.9,12.5
48423,39.7,12.4
48425,33.2,9.8
48427,47.8,21.2
48429,38.8,12.8
48431,36.7,11.4
48433,38.6,12.4
48435,41.6,15.8
48437,42.8,15.5
48439,37.7,12.4
48441,36.5,12.3
48443,35.8,11.6
48445,42.8,16.4
48447,37.9,11.5
48449,40.2,14.4
48451,37.6,13.2
48453,29.4,11.6
48455,38.9,12.3
48457,40.3,12.5
48459,40.5,12.6
48461,41.6,15.5
48463,41.6,15.6
48465,42.1,17.1
48467,36.1,11.4
48469,39.1,13.6
48471,42.2,14.3
48473,41.5,13.1
48475,40.8,14.5
48477,37.1,11.7
48479,41.5,16.3
48481,41.4,13.9
48483,39.8,12.9
48485,38.9,12.7
48487,41.4,15
48489,48.8,19.8
48491,29.6,10
48493,42.1,12.5
48495,39.5,14.4
48497,40.4,11.4
48499,35.9,11
48501,40.7,15.6
48503,38.7,11.9
48505,46.1,21.5
48507,47.7,20.1
49001,32.5,9.4
49003,32,9.1
49005,35,9.5
49007,35,10.9
49009,33.8,9.6
49011,30.2,9.2
49013,33,10.2
49015,34.5,10.3
49017,36.3,9.9
49019,30.9,10.3
49021,33.3,9.7
49023,34.4,9.4
49025,36.3,9.4
49027,35.4,10.1
49029,31.8,8.3
49031,35.5,12.1
49033,33.1,9.2
49035,32.8,9.4
49037,37.3,13.5
49039,32.9,10.1
49041,35.1,9.8
49043,23.1,7.6
49045,39,9.9
49047,34.5,10.3
49049,30.7,8.6
49051,25.8,7.7
49053,29.1,8.6
49055,33.2,9.6
49057,34.4,9.9
50001,26.4,6.2
50003,28.3,7.1
50005,29.7,8.1
50007,24.5,6.6
50009,32.7,7.8
50011,31.1,7.3
50013,27.1,6.5
50015,25.4,6.8
50017,26.7,6.5
50019,32.9,7.6
50021,30.7,6.8
50023,26.8,6.6
50025,26,6.4
50027,25.6,6.3
51001,44,13.6
51003,31.7,9.3
51005,40.9,11.3
51007,43,12.4
51009,36.1,12
51011,42.4,12.3
51013,25.9,9.7
51015,37.8,10.4
51017,40.8,12.7
51019,35.2,9.8
51021,39.5,10.5
51023,35.7,10
51025,45.3,15.4
51027,44.6,13.7
51029,41.3,13.9
51031,42.5,11.4
51033,41.6,12.4
51035,38.9,11.1
51036,41.9,14.3
51037,40.7,14
51041,37.7,10.9
51043,34.1,9.7
51045,36.2,10.7
51047,38.2,11.6
51049,38.6,12.3
51051,42.9,12.2
51053,38.2,12.6
51057,39,14.7
51059,27,9.7
51061,33.4,9.7
51063,36.8,10.4
51065,38.7,10.7
51067,33.5,10.9
51069,37.6,11
51071,36.9,10.8
51073,36.6,10.3
51075,31.7,9.7
51077,42.4,13.2
51079,36.8,10.6
51081,46.2,15.8
51083,43.1,14.2
51085,38.1,10.4
51087,35.1,11.3
51089,43.4,14
51091,33.8,9.5
51093,38.9,11.6
51095,33.8,9.8
51097,41.8,13.1
51099,35.2,10.9
51101,38.5,11.8
51103,40.6,12
51105,40.5,12.9
51107,28.6,9.7
51109,38.9,10.5
51111,42.7,14.4
51113,37,10.7
51115,33.3,10.2
51117,41.4,13.3
51119,40.1,11.5
51121,35.8,11.4
51125,34.8,10.5
51127,37.2,9.8
51131,41.8,12.7
51133,38.8,11.7
51135,44.4,14.8
51137,36.8,11
51139,40.2,11.1
51141,40.8,11.9
51143,43.9,13.7
51145,35.8,9.5
51147,43,13.7
51149,41.2,13.1
51153,33.1,11.5
51155,35.6,10.5
51157,36.1,10.7
51159,38.6,14.2
51161,34.2,9.7
51163,31.8,10.6
51165,34.9,10.1
51167,39.4,12.3
51169,38.6,12.1
51171,37.9,11.4
51173,40.7,12.4
51175,42.4,12.1
51177,38.3,11.6
51179,37,11
51181,39.4,13.2
51183,44,14.8
51185,40.7,12.1
51187,38.1,11.2
51191,37.2,10.9
51193,41.7,13.6
51195,41.7,12.8
51197,38.4,10.7
51199,33.7,9.8
51510,29.5,10.3
51520,41.3,12
51530,40.1,12.5
51540,35.2,12.3
51550,41.2,12.4
51570,39.1,11.1
51580,38.8,11.9
51590,45.7,16.4
51595,47.1,16.9
51600,32.2,10.9
51610,30.1,8.6
51620,46.9,15.1
51630,38.2,12.9
51640,41.1,13.8
51650,42.2,13.4
51660,40.4,13.9
51670,45.9,16.2
51678,35.1,10.4
51680,39.5,12.3
51683,35.1,12.3
51685,37.4,14
51690,44.5,15.5
51700,40.6,13.1
51710,40,13.9
51720,41.8,13.4
51730,46.5,16.7
51735,33.2,8.8
51740,45.2,14.6
51750,38.1,12.1
51760,35.8,14.1
51770,36.4,13.4
51775,35.2,10.3
51790,39.9,11.3
51800,41.5,12.2
51810,32.9,11
51820,38.1,11.7
51830,37.7,11.9
51840,37.9,12.3
53001,38.3,12.3
53003,34.8,9.1
53005,40,9.3
53007,28.8,9.1
53009,34.5,8.3
53011,32.6,8.7
53013,38.3,8.5
53015,39,9.6
53017,37.8,9.8
53019,36.1,10.7
53021,39.7,11.8
53023,36.6,9.2
53025,42,11
53027,36.5,9.8
53029,33.7,7.9
53031,26.1,7.6
53033,22.8,7.3
53035,31.4,7.9
53037,31,8.5
53039,32.5,9.4
53041,40.6,9.5
53043,34.9,8.9
53045,37.7,9.1
53047,38.6,10.9
53049,36.5,9.9
53051,32.8,8.6
53053,35.8,9.2
53055,25.9,7.5
53057,36.8,8.4
53059,35.8,8.5
53061,32.9,9.4
53063,34,9.2
53065,32.2,9
53067,33.6,9
53069,40.3,8.9
53071,32.7,9.6
53073,28.2,8.8
53075,31.2,10.9
53077,42,12
54001,40.8,13.4
54003,40.3,12.2
54005,41.5,13.6
54007,39.5,13.4
54009,39.8,12.3
54011,41.8,13.4
54013,44.7,14.5
54015,42.5,14.2
54017,43.3,12.9
54019,39.4,14.3
54021,40.3,13.2
54023,41.1,13
54025,42.8,13.1
54027,42,13.4
54029,45.1,12.6
54031,42.9,13.9
54033,40.4,12.6
54035,37.1,12.2
54037,34.8,11.5
54039,40.3,12.6
54041,40.5,12.8
54043,44.7,14.4
54045,41,14.4
54047,44.3,17.1
54049,39.8,12.8
54051,42.3,12.2
54053,44.3,12.6
54055,42.5,12.5
54057,43.1,11.9
54059,41.1,14.9
54061,36.7,12.1
54063,40.8,12.7
54065,38.5,11.5
54067,39.4,12.9
54069,38.1,11
54071,38.5,12.7
54073,41.3,12.4
54075,44.1,14.1
54077,41,13.3
54079,38.1,11.3
54081,39.6,13.5
54083,41.3,12.8
54085,40.8,14.4
54087,39.8,13.9
54089,42.8,13.7
54091,40.3,13.1
54093,37.9,11.3
54095,41.7,12.5
54097,41.2,13.5
54099,45.6,13.5
54101,37.9,13.4
54103,37.1,12.7
54105,41.5,13.9
54107,38.1,12.1
54109,46,14.9
55001,38.6,10.1
55003,38,10.5
55005,39.4,9.3
55007,37.5,8.8
55009,36.6,8.9
55011,40.1,8.5
55013,43.1,9.7
55015,39.7,8
55017,40,8.4
55019,43.1,9.2
55021,38.7,8.6
55023,39.1,9.6
55025,31.6,8.2
55027,40.5,9.7
55029,37.2,8.6
55031,40.4,8.5
55033,41,9.4
55035,35.8,8.6
55037,40.1,9.5
55039,41.7,9
55041,42.3,10.1
55043,40.5,9.8
55045,40.2,8.5
55047,41.3,10.2
55049,39.4,8.2
55051,37.2,8.8
55053,44.5,9.5
55055,39.6,8.3
55057,39.6,10.1
55059,43.2,10.2
55061,39.6,8.4
55063,34.6,8.6
55065,39.5,9
55067,39.7,9.1
55069,40.3,9
55071,43.5,8.7
55073,35.9,8.3
55075,41.3,9.6
55077,40.9,9.9
55078,43.4,14.1
55079,39.4,11.1
55081,38.7,9.2
55083,39.9,9.6
55085,38.5,8.3
55087,39.5,8.8
55089,34,7.4
55091,39.3,8.7
55093,34.7,8.6
55095,40,9
55097,36,8.5
55099,42.1,9.2
55101,40,10.2
55103,41.8,9.4
55105,38.1,9.1
55107,36.8,9.4
55109,33.6,7.3
55111,39.6,9.2
55113,41.1,9.2
55115,45,9.2
55117,40.5,8.5
55119,40.7,9.4
55121,39.1,8.9
55123,40.4,9.1
55125,35.1,9
55127,33.3,8.3
55129,35.7,8.8
55131,37.1,7.8
55133,32,7.4
55135,36.7,8.5
55137,41.8,9.8
55139,39.6,8.7
55141,40.9,9
56001,35,9.4
56003,34.7,8.9
56005,35,8.7
56007,36.2,9.9
56009,37,9.4
56011,31.2,8.5
56013,37.9,9.8
56015,34.7,8.7
56017,38.8,9.5
56019,31.2,8.7
56021,34.3,8.5
56023,31.6,8.3
56025,37.8,9.4
56027,36.9,10.3
56029,33.2,7.7
56031,32.4,9.3
56033,31.6,7.9
56035,29.9,8.1
56037,36.3,9.4
56039,22.2,7.1
56041,35.5,9
56043,39.1,9.4
56045,35,9.6
